[
  {
    "model": "knowledge.breedinsight",
    "pk": 1,
    "fields": {
      "breed": "Labrador",
      "slug": "labrador",
      "energy_level": "very_high",
      "social_level": "very_high",
      "common_problems": "ansia da separazione, obesita, displasia, iperattivita",
      "traits": "Affettuoso, giocherellone, buon appetito, ama l'acqua, molto socievole",
      "care_tips": "Molto esercizio fisico e mentale, controllare il cibo, spazzolare regolarmente"
    }
  },
  {
    "model": "knowledge.breedinsight",
    "pk": 2,
    "fields": {
      "breed": "Golden Retriever",
      "slug": "golden-retriever",
      "energy_level": "high",
      "social_level": "very_high",
      "common_problems": "ansia, cancro, displasia anca, sovrappeso",
      "traits": "Dolce, paziente, intelligente, ottimo con bambini, ama riportare oggetti",
      "care_tips": "Spazzolare spesso, esercizio quotidiano, controllo peso, stimolazione mentale"
    }
  },
  {
    "model": "knowledge.breedinsight",
    "pk": 3,
    "fields": {
      "breed": "Pastore Tedesco",
      "slug": "pastore-tedesco",
      "energy_level": "high",
      "social_level": "medium",
      "common_problems": "displasia, ansia, territorialita, reattivita al guinzaglio",
      "traits": "Leale, coraggioso, territoriale, facile da addestrare, protettivo",
      "care_tips": "Esercizio mentale e fisico quotidiano, socializzazione precoce, educazione coerente"
    }
  },
  {
    "model": "knowledge.breedinsight",
    "pk": 4,
    "fields": {
      "breed": "Chihuahua",
      "slug": "chihuahua",
      "energy_level": "medium",
      "social_level": "low",
      "common_problems": "abbaio eccessivo, ansia, aggressivita da paura, problemi dentali",
      "traits": "Vivace, coraggioso per la sua taglia, molto legato al proprietario, diffidente con estranei",
      "care_tips": "Socializzazione importante, non viziare troppo, proteggere dal freddo, cure dentali"
    }
  },
  {
    "model": "knowledge.breedinsight",
    "pk": 5,
    "fields": {
      "breed": "Bulldog Francese",
      "slug": "bulldog-francese",
      "energy_level": "low",
      "social_level": "high",
      "common_problems": "problemi respiratori, allergie cutanee, sovrappeso, colpo di calore",
      "traits": "Giocoso, affettuoso, adatto all'appartamento, socievole, un po' testardo",
      "care_tips": "Evitare caldo eccessivo, porzioni controllate, pulizia pieghe cutanee, passeggiate brevi"
    }
  },
  {
    "model": "knowledge.breedinsight",
    "pk": 6,
    "fields": {
      "breed": "Border Collie",
      "slug": "border-collie",
      "energy_level": "very_high",
      "social_level": "medium",
      "common_problems": "distruzione da noia, comportamenti compulsivi, ansia, reattivita",
      "traits": "Estremamente intelligente, instinto al lavoro, atletico, sensibile, rapido nell'apprendimento",
      "care_tips": "Moltissimo esercizio fisico e mentale, attivita di problem-solving, non lasciare solo a lungo"
    }
  },
  {
    "model": "knowledge.breedinsight",
    "pk": 7,
    "fields": {
      "breed": "Beagle",
      "slug": "beagle",
      "energy_level": "high",
      "social_level": "high",
      "common_problems": "abbaio e ululato, fuga seguendo odori, sovrappeso, testardaggine",
      "traits": "Segugio, naso eccezionale, allegro, socievole, ama esplorare",
      "care_tips": "Passeggiate olfattive, guinzaglio sicuro, controllare alimentazione, attivita di fiuto"
    }
  },
  {
    "model": "knowledge.breedinsight",
    "pk": 8,
    "fields": {
      "breed": "Jack Russell Terrier",
      "slug": "jack-russell-terrier",
      "energy_level": "very_high",
      "social_level": "medium",
      "common_problems": "eccitazione eccessiva, scavo, abbaio, distruzione, inseguimento piccoli animali",
      "traits": "Energetico, coraggioso, intelligente, testardo, instinto da caccia forte",
      "care_tips": "Molto esercizio e gioco, educazione ferma e coerente, attivita di scavo controllate"
    }
  },
  {
    "model": "knowledge.breedinsight",
    "pk": 9,
    "fields": {
      "breed": "Rottweiler",
      "slug": "rottweiler",
      "energy_level": "high",
      "social_level": "medium",
      "common_problems": "territorialita, tira al guinzaglio, reattivita verso altri cani, displasia",
      "traits": "Forte, leale, protettivo, sicuro di se, buon guardiano, affettuoso con la famiglia",
      "care_tips": "Socializzazione precoce fondamentale, educazione coerente, esercizio regolare"
    }
  },
  {
    "model": "knowledge.breedinsight",
    "pk": 10,
    "fields": {
      "breed": "Cocker Spaniel",
      "slug": "cocker-spaniel",
      "energy_level": "medium",
      "social_level": "high",
      "common_problems": "ansia da separazione, otiti, sovrappeso, possessivita sul cibo",
      "traits": "Affettuoso, allegro, adattabile, buono con bambini, sensibile",
      "care_tips": "Pulizia orecchie regolare, esercizio moderato, non viziare col cibo, compagnia"
    }
  },

  {
    "model": "knowledge.problem",
    "pk": 1,
    "fields": {
      "title": "Cane che abbaia troppo",
      "slug": "abbaia-troppo",
      "category": "behavior",
      "description": "Il cane abbaia in modo eccessivo: di notte, quando resta solo, ai passanti o senza motivo apparente. L'abbaio e un comportamento normale ma diventa problematico quando e continuo e incontrollabile.",
      "severity": "medium",
      "common_breeds": "Chihuahua, Yorkshire Terrier, Pastore Tedesco, Beagle, Jack Russell"
    }
  },
  {
    "model": "knowledge.problem",
    "pk": 2,
    "fields": {
      "title": "Tira al guinzaglio",
      "slug": "tira-guinzaglio",
      "category": "training",
      "description": "Il cane tira costantemente durante le passeggiate, rendendo le uscite stressanti e faticose. E un problema molto comune che peggiora se non affrontato correttamente.",
      "severity": "medium",
      "common_breeds": "Tutte le razze, specialmente Labrador, Husky, Pastore Tedesco, Rottweiler"
    }
  },
  {
    "model": "knowledge.problem",
    "pk": 3,
    "fields": {
      "title": "Ansia da separazione",
      "slug": "ansia-separazione",
      "category": "behavior",
      "description": "Il cane si agita, abbaia, piange o distrugge quando resta solo. Puo anche fare i bisogni in casa. Non e dispetto ma vera ansia e sofferenza.",
      "severity": "high",
      "common_breeds": "Labrador, Golden Retriever, Border Collie, Cocker Spaniel, Chihuahua"
    }
  },
  {
    "model": "knowledge.problem",
    "pk": 4,
    "fields": {
      "title": "Cane che morde",
      "slug": "cane-morde",
      "category": "behavior",
      "description": "Il cane morde mani, piedi, oggetti o persone. Nei cuccioli e spesso gioco o dentizione, negli adulti puo indicare paura, stress o mancanza di educazione.",
      "severity": "high",
      "common_breeds": "Cuccioli di tutte le razze, Jack Russell, Pastore Tedesco, Border Collie"
    }
  },
  {
    "model": "knowledge.problem",
    "pk": 5,
    "fields": {
      "title": "Cane che non mangia",
      "slug": "non-mangia",
      "category": "health",
      "description": "Il cane rifiuta il cibo o mangia molto meno del solito. Le cause possono essere fisiche (malattia, dolore) o comportamentali (stress, cambio ambiente, cibo non gradito).",
      "severity": "medium",
      "common_breeds": "Tutte le razze, comune nei cani piccoli e nei cuccioli durante il cambio alimentazione"
    }
  },
  {
    "model": "knowledge.problem",
    "pk": 6,
    "fields": {
      "title": "Paura dei rumori e temporali",
      "slug": "paura-rumori",
      "category": "behavior",
      "description": "Il cane ha paura intensa di rumori forti: temporali, fuochi d'artificio, petardi, aspirapolvere. Reagisce con tremore, fuga, nascondendosi o cercando il proprietario.",
      "severity": "medium",
      "common_breeds": "Border Collie, Pastore Tedesco, Labrador, Cocker Spaniel, meticci"
    }
  },
  {
    "model": "knowledge.problem",
    "pk": 7,
    "fields": {
      "title": "Cane che salta addosso",
      "slug": "salta-addosso",
      "category": "behavior",
      "description": "Il cane salta addosso alle persone quando le incontra, sia in casa che fuori. E un comportamento di eccitazione e saluto, ma puo essere pericoloso con bambini e anziani.",
      "severity": "low",
      "common_breeds": "Labrador, Golden Retriever, Boxer, Jack Russell, Beagle"
    }
  },
  {
    "model": "knowledge.problem",
    "pk": 8,
    "fields": {
      "title": "Non risponde al richiamo",
      "slug": "non-richiamo",
      "category": "training",
      "description": "Il cane ignora il richiamo quando e libero, specialmente in presenza di distrazioni. Questo rende pericoloso liberarlo e limita la sua qualita di vita.",
      "severity": "medium",
      "common_breeds": "Beagle, Husky, Jack Russell, razze da caccia, meticci"
    }
  },
  {
    "model": "knowledge.problem",
    "pk": 9,
    "fields": {
      "title": "Distrugge casa e oggetti",
      "slug": "distrugge-casa",
      "category": "behavior",
      "description": "Il cane mastica e distrugge mobili, scarpe, cuscini o altri oggetti. Puo succedere quando e solo o anche in presenza del proprietario. Le cause vanno dalla noia all'ansia.",
      "severity": "medium",
      "common_breeds": "Border Collie, Labrador, Jack Russell, Husky, cuccioli di tutte le razze"
    }
  },
  {
    "model": "knowledge.problem",
    "pk": 10,
    "fields": {
      "title": "Eccitazione eccessiva",
      "slug": "eccitazione-eccessiva",
      "category": "behavior",
      "description": "Il cane si eccita troppo facilmente: durante il gioco, all'arrivo di persone, alla vista di altri cani. L'eccitazione eccessiva porta a perdita di controllo, morsi da gioco e tiro al guinzaglio.",
      "severity": "low",
      "common_breeds": "Jack Russell, Labrador, Border Collie, Beagle, cuccioli in generale"
    }
  },

  {
    "model": "knowledge.cause",
    "pk": 1,
    "fields": {
      "problem": 1,
      "description": "Noia - il cane non ha abbastanza stimoli fisici e mentali",
      "probability": "very_common",
      "notes": "Razze attive come Border Collie, Labrador e Jack Russell sono piu soggette"
    }
  },
  {
    "model": "knowledge.cause",
    "pk": 2,
    "fields": {
      "problem": 1,
      "description": "Richiesta di attenzione - il cane ha imparato che abbaiare porta attenzione",
      "probability": "common",
      "notes": "Anche sgridare e attenzione per il cane"
    }
  },
  {
    "model": "knowledge.cause",
    "pk": 3,
    "fields": {
      "problem": 1,
      "description": "Territorialita - il cane protegge il suo spazio da rumori e passanti",
      "probability": "common",
      "notes": "Piu frequente in razze da guardia e terrier"
    }
  },
  {
    "model": "knowledge.cause",
    "pk": 4,
    "fields": {
      "problem": 1,
      "description": "Ansia - abbaio come sfogo dello stress, soprattutto se lasciato solo",
      "probability": "common",
      "notes": "Spesso collegato ad ansia da separazione"
    }
  },

  {
    "model": "knowledge.cause",
    "pk": 5,
    "fields": {
      "problem": 2,
      "description": "Eccitazione - il cane e sovrastimolato dall'ambiente esterno",
      "probability": "very_common",
      "notes": "Soprattutto nei primi minuti della passeggiata"
    }
  },
  {
    "model": "knowledge.cause",
    "pk": 6,
    "fields": {
      "problem": 2,
      "description": "Abitudine rinforzata - tirando il cane arriva dove vuole, quindi impara a tirare",
      "probability": "very_common",
      "notes": "Il proprietario che segue il cane che tira rinforza il comportamento"
    }
  },
  {
    "model": "knowledge.cause",
    "pk": 7,
    "fields": {
      "problem": 2,
      "description": "Mancanza di educazione al guinzaglio - il cane non ha mai imparato a camminare senza tirare",
      "probability": "common",
      "notes": "Fondamentale iniziare l'educazione da cucciolo"
    }
  },

  {
    "model": "knowledge.cause",
    "pk": 8,
    "fields": {
      "problem": 3,
      "description": "Iperattaccamento al proprietario - il cane dipende emotivamente da una persona",
      "probability": "very_common",
      "notes": "Spesso causato da eccessiva attenzione o mancanza di indipendenza"
    }
  },
  {
    "model": "knowledge.cause",
    "pk": 9,
    "fields": {
      "problem": 3,
      "description": "Cambiamento di routine - trasloco, nuovo lavoro, cambio orari",
      "probability": "common",
      "notes": "I cani soffrono molto i cambiamenti improvvisi"
    }
  },
  {
    "model": "knowledge.cause",
    "pk": 10,
    "fields": {
      "problem": 3,
      "description": "Esperienze traumatiche - abbandono precedente o ricovero in canile",
      "probability": "common",
      "notes": "Cani adottati sono piu soggetti"
    }
  },

  {
    "model": "knowledge.cause",
    "pk": 11,
    "fields": {
      "problem": 4,
      "description": "Gioco - il cucciolo esplora il mondo con la bocca e non sa ancora controllare la forza",
      "probability": "very_common",
      "notes": "Normalissimo nei cuccioli sotto i 6 mesi"
    }
  },
  {
    "model": "knowledge.cause",
    "pk": 12,
    "fields": {
      "problem": 4,
      "description": "Dentizione - cambio denti (3-6 mesi) causa fastidio che il cucciolo allevia mordendo",
      "probability": "very_common",
      "notes": "Fornire giochi da masticare appropriati"
    }
  },
  {
    "model": "knowledge.cause",
    "pk": 13,
    "fields": {
      "problem": 4,
      "description": "Paura o difesa - il cane morde per proteggere se stesso quando si sente minacciato",
      "probability": "possible",
      "notes": "Attenzione: questo tipo di morso richiede un professionista"
    }
  },
  {
    "model": "knowledge.cause",
    "pk": 14,
    "fields": {
      "problem": 4,
      "description": "Eccitazione durante il gioco - il cane perde il controllo quando e troppo eccitato",
      "probability": "common",
      "notes": "Frequente nei giovani adulti non educati alla calma"
    }
  },

  {
    "model": "knowledge.cause",
    "pk": 15,
    "fields": {
      "problem": 5,
      "description": "Problemi di salute - dolore, nausea, infezione o malattia in corso",
      "probability": "common",
      "notes": "Se il rifiuto dura piu di 24-48 ore, consultare il veterinario"
    }
  },
  {
    "model": "knowledge.cause",
    "pk": 16,
    "fields": {
      "problem": 5,
      "description": "Stress o ansia - cambiamenti nell'ambiente, nuovo animale in casa, trasloco",
      "probability": "common",
      "notes": "Il cane puo perdere appetito temporaneamente"
    }
  },
  {
    "model": "knowledge.cause",
    "pk": 17,
    "fields": {
      "problem": 5,
      "description": "Cibo non gradito - cambio di marca, cibo scadente, ciotola sporca",
      "probability": "possible",
      "notes": "Provare a cambiare tipo o marca di cibo gradualmente"
    }
  },
  {
    "model": "knowledge.cause",
    "pk": 18,
    "fields": {
      "problem": 5,
      "description": "Troppi snack - il cane e gia sazio per i troppi premi ricevuti durante il giorno",
      "probability": "common",
      "notes": "Ridurre snack e contarli nel fabbisogno giornaliero"
    }
  },

  {
    "model": "knowledge.cause",
    "pk": 19,
    "fields": {
      "problem": 6,
      "description": "Sensibilita genetica - alcune razze sono naturalmente piu sensibili ai rumori",
      "probability": "common",
      "notes": "Border Collie e Pastori Tedeschi sono tra le razze piu colpite"
    }
  },
  {
    "model": "knowledge.cause",
    "pk": 20,
    "fields": {
      "problem": 6,
      "description": "Mancata socializzazione - il cucciolo non e stato esposto a rumori diversi nel periodo critico",
      "probability": "very_common",
      "notes": "Periodo critico: 3-14 settimane di vita"
    }
  },
  {
    "model": "knowledge.cause",
    "pk": 21,
    "fields": {
      "problem": 6,
      "description": "Esperienza negativa associata - un evento spaventoso collegato a un rumore forte",
      "probability": "common",
      "notes": "Un solo episodio puo creare una fobia duratura"
    }
  },

  {
    "model": "knowledge.cause",
    "pk": 22,
    "fields": {
      "problem": 7,
      "description": "Eccitazione per il saluto - il cane e felice di vedere le persone e non sa gestire l'emozione",
      "probability": "very_common",
      "notes": "Comportamento naturale che va reindirizzato, non punito"
    }
  },
  {
    "model": "knowledge.cause",
    "pk": 23,
    "fields": {
      "problem": 7,
      "description": "Comportamento rinforzato - il proprietario o gli ospiti premiano il salto con attenzione e carezze",
      "probability": "very_common",
      "notes": "Anche toccare il cane per spingerlo giu e attenzione"
    }
  },

  {
    "model": "knowledge.cause",
    "pk": 24,
    "fields": {
      "problem": 8,
      "description": "Distrazioni piu interessanti - odori, altri cani, animali selvatici vincono sul richiamo",
      "probability": "very_common",
      "notes": "Specialmente in razze da caccia e segugi"
    }
  },
  {
    "model": "knowledge.cause",
    "pk": 25,
    "fields": {
      "problem": 8,
      "description": "Richiamo associato a esperienze negative - il cane e stato sgridato o messo al guinzaglio dopo il richiamo",
      "probability": "common",
      "notes": "Mai punire il cane quando finalmente viene al richiamo"
    }
  },
  {
    "model": "knowledge.cause",
    "pk": 26,
    "fields": {
      "problem": 8,
      "description": "Addestramento insufficiente - il richiamo non e stato allenato in modo progressivo con distrazioni crescenti",
      "probability": "very_common",
      "notes": "Serve allenamento graduale: casa > giardino > parco vuoto > parco affollato"
    }
  },

  {
    "model": "knowledge.cause",
    "pk": 27,
    "fields": {
      "problem": 9,
      "description": "Noia e mancanza di stimoli - il cane non ha niente da fare e sfoga l'energia sugli oggetti",
      "probability": "very_common",
      "notes": "Razze da lavoro come Border Collie e Labrador sono piu soggette"
    }
  },
  {
    "model": "knowledge.cause",
    "pk": 28,
    "fields": {
      "problem": 9,
      "description": "Ansia da separazione - il cane distrugge quando e solo per sfogare lo stress",
      "probability": "common",
      "notes": "Spesso la distruzione avviene nei primi 30 minuti dall'uscita del proprietario"
    }
  },
  {
    "model": "knowledge.cause",
    "pk": 29,
    "fields": {
      "problem": 9,
      "description": "Dentizione nei cuccioli - bisogno naturale di masticare durante il cambio denti",
      "probability": "common",
      "notes": "Fornire alternative appropriate: kong, ossi, giochi da masticare"
    }
  },

  {
    "model": "knowledge.cause",
    "pk": 30,
    "fields": {
      "problem": 10,
      "description": "Energia accumulata - il cane non fa abbastanza esercizio fisico e mentale",
      "probability": "very_common",
      "notes": "Il cane sfoga l'energia in eccesso diventando incontrollabile"
    }
  },
  {
    "model": "knowledge.cause",
    "pk": 31,
    "fields": {
      "problem": 10,
      "description": "Mancanza di autocontrollo - il cane non ha mai imparato a calmarsi da solo",
      "probability": "common",
      "notes": "Si puo insegnare con esercizi di calma e protocollo di rilassamento"
    }
  },

  {
    "model": "knowledge.solution",
    "pk": 1,
    "fields": {
      "problem": 1,
      "solution_type": "training",
      "title": "Ignora l'abbaio strategico",
      "description": "Quando il cane abbaia per attenzione, non guardarlo, non parlargli, non toccarlo. Appena smette, anche per un secondo, premialo con calma. Cosi impara che il silenzio porta risultati.",
      "difficulty": "medium",
      "time_needed": "2-4 settimane",
      "success_rate": "high",
      "warnings": "Non urlare mai contro il cane - per lui e come se abbaiassi insieme a lui"
    }
  },
  {
    "model": "knowledge.solution",
    "pk": 2,
    "fields": {
      "problem": 1,
      "solution_type": "environment",
      "title": "Aumenta esercizio fisico e mentale",
      "description": "Un cane stanco abbaia meno. Aggiungi passeggiate piu lunghe, giochi olfattivi e attivazione mentale. 30 minuti di attivita mentale stancano come 1 ora di corsa.",
      "difficulty": "easy",
      "time_needed": "Effetto immediato",
      "success_rate": "high",
      "warnings": "Aumenta gradualmente per evitare problemi articolari nei cuccioli"
    }
  },
  {
    "model": "knowledge.solution",
    "pk": 3,
    "fields": {
      "problem": 1,
      "solution_type": "environment",
      "title": "Riduci stimoli esterni",
      "description": "Se il cane abbaia ai passanti dalla finestra: chiudi tende, sposta il cane in un'altra stanza, usa musica di sottofondo per coprire i rumori esterni.",
      "difficulty": "easy",
      "time_needed": "Immediato",
      "success_rate": "medium",
      "warnings": "Questa e una soluzione temporanea, va combinata con l'addestramento"
    }
  },

  {
    "model": "knowledge.solution",
    "pk": 4,
    "fields": {
      "problem": 2,
      "solution_type": "training",
      "title": "Fermati quando tira",
      "description": "Quando il guinzaglio si tende, fermati completamente. Non tirare indietro. Aspetta che il cane allenti la tensione, poi riparti. Il cane capisce che tirare NON funziona.",
      "difficulty": "medium",
      "time_needed": "2-4 settimane",
      "success_rate": "high",
      "warnings": "Serve molta pazienza. Le prime passeggiate saranno molto lente"
    }
  },
  {
    "model": "knowledge.solution",
    "pk": 5,
    "fields": {
      "problem": 2,
      "solution_type": "training",
      "title": "Premia la camminata corretta",
      "description": "Ogni volta che il cane cammina vicino a te con il guinzaglio lento, premialo con cibo o lode. Premiare il comportamento giusto e molto piu efficace che punire quello sbagliato.",
      "difficulty": "easy",
      "time_needed": "1-3 settimane",
      "success_rate": "high",
      "warnings": "Usa premi di alto valore (formaggio, wurstel) soprattutto all'inizio"
    }
  },
  {
    "model": "knowledge.solution",
    "pk": 6,
    "fields": {
      "problem": 2,
      "solution_type": "training",
      "title": "Cambio di direzione improvviso",
      "description": "Quando il cane tira, cambia direzione senza preavviso. Il cane impara a seguirti e a prestare attenzione ai tuoi movimenti invece di correre avanti.",
      "difficulty": "easy",
      "time_needed": "1-2 settimane",
      "success_rate": "medium",
      "warnings": "Non strattonare il guinzaglio: gira con calma e il cane seguira"
    }
  },

  {
    "model": "knowledge.solution",
    "pk": 7,
    "fields": {
      "problem": 3,
      "solution_type": "training",
      "title": "Desensibilizzazione graduale alle uscite",
      "description": "Pratica finte uscite: prendi le chiavi, metti le scarpe, tocca la porta, ma non uscire. Poi esci per 10 secondi, poi 30, poi 1 minuto. Aumenta molto gradualmente il tempo di assenza.",
      "difficulty": "hard",
      "time_needed": "4-8 settimane",
      "success_rate": "high",
      "warnings": "Non fare passi troppo grandi: se il cane si agita, torna indietro allo step precedente"
    }
  },
  {
    "model": "knowledge.solution",
    "pk": 8,
    "fields": {
      "problem": 3,
      "solution_type": "behavior",
      "title": "Insegna l'indipendenza in casa",
      "description": "Abitualo a stare in un'altra stanza anche quando sei a casa. Usa un Kong riempito per rendere positivo il momento da solo. Non premiare il cane per seguirti ovunque.",
      "difficulty": "medium",
      "time_needed": "2-4 settimane",
      "success_rate": "high",
      "warnings": "Non chiudere mai il cane in una stanza come punizione"
    }
  },
  {
    "model": "knowledge.solution",
    "pk": 9,
    "fields": {
      "problem": 3,
      "solution_type": "environment",
      "title": "Crea una routine di uscita calma",
      "description": "Non fare scene drammatiche quando esci o torni. Ignora il cane per 5 minuti prima di uscire e dopo il rientro. Le uscite devono essere normali, non eventi traumatici.",
      "difficulty": "easy",
      "time_needed": "1-2 settimane",
      "success_rate": "medium",
      "warnings": "Questo richiede coerenza da parte di tutti i familiari"
    }
  },

  {
    "model": "knowledge.solution",
    "pk": 10,
    "fields": {
      "problem": 4,
      "solution_type": "training",
      "title": "Interrompi il gioco quando morde",
      "description": "Appena il cane morde durante il gioco, fermati immediatamente, togli le mani e ignora il cane per 10-15 secondi. Poi riprendi. Il cane impara che mordere = fine del divertimento.",
      "difficulty": "easy",
      "time_needed": "1-3 settimane",
      "success_rate": "high",
      "warnings": "Tutti in famiglia devono seguire la stessa regola. Non giocare mai con le mani"
    }
  },
  {
    "model": "knowledge.solution",
    "pk": 11,
    "fields": {
      "problem": 4,
      "solution_type": "environment",
      "title": "Fornisci alternative da masticare",
      "description": "Offri giochi da mordere, Kong, ossi naturali e corde. Il cane ha bisogno di masticare, deve solo imparare su COSA farlo. Ogni volta che morde un gioco, premialo.",
      "difficulty": "easy",
      "time_needed": "Immediato",
      "success_rate": "high",
      "warnings": "Scegli giochi adatti alla taglia del cane. Evita oggetti troppo piccoli"
    }
  },
  {
    "model": "knowledge.solution",
    "pk": 12,
    "fields": {
      "problem": 4,
      "solution_type": "behavior",
      "title": "Gestisci l'eccitazione prima che arrivi al morso",
      "description": "Quando vedi che il cane si eccita troppo durante il gioco (occhi grandi, respiro veloce, movimenti frenetici), fermati PRIMA che morda. Aiutalo a calmarsi, poi riprendi.",
      "difficulty": "medium",
      "time_needed": "2-4 settimane",
      "success_rate": "medium",
      "warnings": "Non punire mai il morso da gioco con la forza. Peggiora la situazione"
    }
  },

  {
    "model": "knowledge.solution",
    "pk": 13,
    "fields": {
      "problem": 5,
      "solution_type": "health",
      "title": "Visita veterinaria",
      "description": "Se il rifiuto del cibo dura piu di 24-48 ore o e accompagnato da altri sintomi (letargia, vomito, diarrea), consulta il veterinario. Potrebbe esserci un problema di salute.",
      "difficulty": "easy",
      "time_needed": "1-2 giorni",
      "success_rate": "high",
      "warnings": "Non aspettare troppo: nei cuccioli il digiuno prolungato e piu pericoloso"
    }
  },
  {
    "model": "knowledge.solution",
    "pk": 14,
    "fields": {
      "problem": 5,
      "solution_type": "nutrition",
      "title": "Regola orari e quantita",
      "description": "Offri il cibo 2 volte al giorno per 15-20 minuti. Se non mangia, togli la ciotola. Non lasciare cibo disponibile tutto il giorno. Il cane impara che ci sono orari precisi per mangiare.",
      "difficulty": "easy",
      "time_needed": "3-5 giorni",
      "success_rate": "high",
      "warnings": "Assicurati che non sia un problema di salute prima di usare questo metodo"
    }
  },
  {
    "model": "knowledge.solution",
    "pk": 15,
    "fields": {
      "problem": 5,
      "solution_type": "nutrition",
      "title": "Riduci snack e premi fuori pasto",
      "description": "Conta i premi nel fabbisogno giornaliero. Se il cane riceve troppi snack durante il giorno, non avra fame all'ora del pasto. Limita i premi o scalali dalla porzione.",
      "difficulty": "easy",
      "time_needed": "Immediato",
      "success_rate": "medium",
      "warnings": "Non eliminare i premi completamente, servono per l'educazione"
    }
  },

  {
    "model": "knowledge.solution",
    "pk": 16,
    "fields": {
      "problem": 6,
      "solution_type": "behavior",
      "title": "Crea un rifugio sicuro",
      "description": "Prepara un luogo tranquillo dove il cane puo nascondersi: cuccia coperta, stanza interna, kennel aperto con coperte. Non forzarlo a uscire. Lascia che trovi la sua zona sicura.",
      "difficulty": "easy",
      "time_needed": "Immediato",
      "success_rate": "medium",
      "warnings": "Non trascinare mai il cane fuori dal suo rifugio durante un episodio di paura"
    }
  },
  {
    "model": "knowledge.solution",
    "pk": 17,
    "fields": {
      "problem": 6,
      "solution_type": "training",
      "title": "Desensibilizzazione con suoni registrati",
      "description": "Riproduci suoni di temporali o fuochi a volume bassissimo mentre il cane mangia o gioca. Aumenta il volume molto gradualmente in settimane. Il cane associa il suono a cose positive.",
      "difficulty": "hard",
      "time_needed": "4-8 settimane",
      "success_rate": "high",
      "warnings": "Se il cane mostra paura, abbassa subito il volume. Non forzare mai"
    }
  },
  {
    "model": "knowledge.solution",
    "pk": 18,
    "fields": {
      "problem": 6,
      "solution_type": "environment",
      "title": "Gestione durante l'evento",
      "description": "Durante temporali: chiudi finestre e tapparelle, metti musica calma, resta tranquillo (se ti agiti anche tu, il cane lo percepisce). Non sgridarlo e non consolarlo in modo eccessivo.",
      "difficulty": "easy",
      "time_needed": "Immediato",
      "success_rate": "medium",
      "warnings": "Consolare troppo puo rinforzare la paura. Comportati normalmente"
    }
  },

  {
    "model": "knowledge.solution",
    "pk": 19,
    "fields": {
      "problem": 7,
      "solution_type": "training",
      "title": "Ignora finche non ha 4 zampe a terra",
      "description": "Quando il cane salta: voltati, incrocia le braccia, non guardarlo, non toccarlo. Appena mette tutte e 4 le zampe a terra, accarezzalo e premialo. Tutti gli ospiti devono fare lo stesso.",
      "difficulty": "easy",
      "time_needed": "1-3 settimane",
      "success_rate": "high",
      "warnings": "La coerenza e fondamentale: se anche una sola persona lo premia per il salto, non funziona"
    }
  },
  {
    "model": "knowledge.solution",
    "pk": 20,
    "fields": {
      "problem": 7,
      "solution_type": "training",
      "title": "Insegna il comando 'seduto' come alternativa",
      "description": "Allena il cane a sedersi quando arrivano persone. Chiedigli 'seduto' prima che salti, e premia se lo fa. Il cane impara che sedersi porta attenzione e carezze, saltare no.",
      "difficulty": "medium",
      "time_needed": "2-4 settimane",
      "success_rate": "high",
      "warnings": "Il cane deve gia conoscere il comando 'seduto' in contesti calmi prima di usarlo qui"
    }
  },

  {
    "model": "knowledge.solution",
    "pk": 21,
    "fields": {
      "problem": 8,
      "solution_type": "training",
      "title": "Addestramento progressivo del richiamo",
      "description": "Inizia in casa senza distrazioni. Chiama il nome e 'vieni', quando arriva premia con cibo di altissimo valore. Poi in giardino, poi in parco vuoto, poi con poche distrazioni. Ogni step deve essere solido prima di passare al successivo.",
      "difficulty": "medium",
      "time_needed": "4-8 settimane",
      "success_rate": "high",
      "warnings": "Non chiamare mai il cane per sgridarlo o mettere al guinzaglio e andare a casa"
    }
  },
  {
    "model": "knowledge.solution",
    "pk": 22,
    "fields": {
      "problem": 8,
      "solution_type": "training",
      "title": "Usa la longhina come sicurezza",
      "description": "Usa una longhina di 5-10 metri. Il cane si sente libero ma tu mantieni controllo. Quando viene al richiamo, premia tantissimo. Se non viene, puoi guidarlo senza rincorrerlo.",
      "difficulty": "easy",
      "time_needed": "2-4 settimane",
      "success_rate": "high",
      "warnings": "Non tirare mai la longhina con forza. Usala solo come sicurezza"
    }
  },

  {
    "model": "knowledge.solution",
    "pk": 23,
    "fields": {
      "problem": 9,
      "solution_type": "environment",
      "title": "Fornisci alternative da masticare e giochi interattivi",
      "description": "Kong riempiti con cibo, giochi olfattivi, tappetini da fiuto. Il cane ha bisogno di masticare e di stimoli. Se ha alternative interessanti, non distruggera mobili.",
      "difficulty": "easy",
      "time_needed": "Immediato",
      "success_rate": "high",
      "warnings": "Ruota i giochi ogni pochi giorni per mantenere l'interesse"
    }
  },
  {
    "model": "knowledge.solution",
    "pk": 24,
    "fields": {
      "problem": 9,
      "solution_type": "training",
      "title": "Aumenta esercizio prima di restare solo",
      "description": "Fai una passeggiata lunga o sessione di gioco prima di lasciare il cane solo. Un cane fisicamente e mentalmente stanco e molto meno propenso a distruggere.",
      "difficulty": "easy",
      "time_needed": "Effetto immediato",
      "success_rate": "high",
      "warnings": "Non sostituire la passeggiata con il giardino: il cane ha bisogno di stimoli nuovi"
    }
  },
  {
    "model": "knowledge.solution",
    "pk": 25,
    "fields": {
      "problem": 9,
      "solution_type": "environment",
      "title": "Limita l'accesso quando solo",
      "description": "Usa cancelletti o tieni il cane in una zona sicura della casa quando e solo. Rimuovi oggetti pericolosi o di valore. Non come punizione, ma come gestione dell'ambiente.",
      "difficulty": "easy",
      "time_needed": "Immediato",
      "success_rate": "medium",
      "warnings": "Non chiudere il cane in spazi troppo piccoli, provoca ansia"
    }
  },

  {
    "model": "knowledge.solution",
    "pk": 26,
    "fields": {
      "problem": 10,
      "solution_type": "training",
      "title": "Esercizi di autocontrollo e calma",
      "description": "Insegna 'aspetta' prima del cibo, prima di uscire, prima di giocare. Premia il cane quando e calmo, non quando e eccitato. Protocollo di rilassamento su tappetino: il cane impara a restare fermo per rilassarsi.",
      "difficulty": "medium",
      "time_needed": "2-6 settimane",
      "success_rate": "high",
      "warnings": "Non punire l'eccitazione, reindirizzala. Punire aumenta frustrazione e eccitazione"
    }
  },
  {
    "model": "knowledge.solution",
    "pk": 27,
    "fields": {
      "problem": 10,
      "solution_type": "behavior",
      "title": "Gestisci i trigger di eccitazione",
      "description": "Identifica cosa eccita il cane (guinzaglio, ospiti, altri cani) e lavora su quei specifici trigger. Per esempio: se si eccita alla vista del guinzaglio, inizia a prenderlo e posarlo finche non diventa noioso.",
      "difficulty": "medium",
      "time_needed": "2-4 settimane",
      "success_rate": "medium",
      "warnings": "Non eliminare le fonti di gioia del cane. L'obiettivo e gestire, non sopprimere"
    }
  },

  {
    "model": "knowledge.problem",
    "pk": 11,
    "fields": {
      "title": "Reattività al guinzaglio",
      "slug": "reattivita-guinzaglio",
      "category": "behavior",
      "description": "Il cane reagisce in modo esagerato ad altri cani, persone o biciclette durante le passeggiate: abbaia, tira, ringhia o salta. Non è aggressività vera ma un'emozione incontrollata amplificata dal guinzaglio.",
      "severity": "high",
      "common_breeds": "Pastore Tedesco, Malinois, Border Collie, Levriero, Husky, Rottweiler, Pit Bull"
    }
  },
  {
    "model": "knowledge.cause",
    "pk": 32,
    "fields": {
      "problem": 11,
      "description": "Frustrazione da guinzaglio - il cane vorrebbe avvicinarsi ma non può, la frustrazione esplode in reazione",
      "probability": "very_common",
      "notes": "Spesso in cani molto socievoli che non riescono a salutare"
    }
  },
  {
    "model": "knowledge.cause",
    "pk": 33,
    "fields": {
      "problem": 11,
      "description": "Mancata socializzazione - il cane non è abituato ad altri cani o persone",
      "probability": "common",
      "notes": "Il periodo critico di socializzazione è 3-14 settimane"
    }
  },
  {
    "model": "knowledge.solution",
    "pk": 28,
    "fields": {
      "problem": 11,
      "solution_type": "training",
      "title": "Tecnica 'guarda e vai'",
      "description": "Quando vedi il trigger da lontano, chiama il cane, fallo guardare verso il trigger, premialo e allontanati. Insegna che vedere un altro cane = cibo e allontanamento positivo.",
      "difficulty": "hard",
      "time_needed": "4-8 settimane",
      "success_rate": "high",
      "warnings": "Inizia sempre a distanza di sicurezza dal trigger, mai oltre la soglia di reazione"
    }
  },
  {
    "model": "knowledge.solution",
    "pk": 29,
    "fields": {
      "problem": 11,
      "solution_type": "behavior",
      "title": "Aumenta la distanza di sicurezza",
      "description": "Non avvicinarti mai al trigger quando il cane è già reattivo. Attraversa la strada, cambia percorso. La gestione previene il rinforzo del comportamento.",
      "difficulty": "easy",
      "time_needed": "Immediato",
      "success_rate": "medium",
      "warnings": "La gestione non risolve il problema ma previene il peggioramento"
    }
  },

  {
    "model": "knowledge.problem",
    "pk": 12,
    "fields": {
      "title": "Cane che mangia di tutto",
      "slug": "mangia-tutto-terra",
      "category": "health",
      "description": "Il cane raccoglie e inghiotte oggetti da terra: sassi, fazzoletti, rifiuti, cibo altrui. Si chiama pica e può essere pericolosa per ostruzioni intestinali.",
      "severity": "high",
      "common_breeds": "Labrador, Beagle, Bulldog, Border Collie, cuccioli in generale"
    }
  },
  {
    "model": "knowledge.cause",
    "pk": 34,
    "fields": {
      "problem": 12,
      "description": "Istinto di foraggiamento - alcuni cani hanno un impulso molto forte a cercare e ingerire cibo",
      "probability": "very_common",
      "notes": "Il Labrador è geneticamente predisposto a questa tendenza"
    }
  },
  {
    "model": "knowledge.cause",
    "pk": 35,
    "fields": {
      "problem": 12,
      "description": "Noia e mancanza di stimoli - il cane esplora l'ambiente attraverso la bocca",
      "probability": "common",
      "notes": "Più frequente nei cani con poca stimolazione mentale"
    }
  },
  {
    "model": "knowledge.solution",
    "pk": 30,
    "fields": {
      "problem": 12,
      "solution_type": "training",
      "title": "Insegna 'lascia' e 'dammi'",
      "description": "Allena il comando 'lascia' con rinforzo positivo: offri un premio di alto valore in cambio dell'oggetto vietato. Mai inseguire il cane: lo rende un gioco.",
      "difficulty": "medium",
      "time_needed": "2-4 settimane",
      "success_rate": "high",
      "warnings": "Non punire fisicamente: può portare ad inghiottire l'oggetto ancora più velocemente"
    }
  },
  {
    "model": "knowledge.solution",
    "pk": 31,
    "fields": {
      "problem": 12,
      "solution_type": "training",
      "title": "Museruola di sicurezza",
      "description": "Usa una museruola comoda tipo cestello nelle zone a rischio (parchi, strade). Non è una punizione ma uno strumento di sicurezza. Abituala con rinforzo positivo.",
      "difficulty": "easy",
      "time_needed": "1-2 settimane di abituazione",
      "success_rate": "high",
      "warnings": "La museruola non risolve il problema, gestiscilo in parallelo con il training"
    }
  },

  {
    "model": "knowledge.problem",
    "pk": 13,
    "fields": {
      "title": "Paura degli estranei",
      "slug": "paura-estranei",
      "category": "behavior",
      "description": "Il cane ha paura delle persone che non conosce: si nasconde, ringhia, abbaia o fugge. Nei casi gravi può mordere per autodifesa. Non è cattiveria ma paura.",
      "severity": "high",
      "common_breeds": "Chihuahua, Pastore Tedesco, Pastore Belga, meticci con traumi, razze nordiche"
    }
  },
  {
    "model": "knowledge.cause",
    "pk": 36,
    "fields": {
      "problem": 13,
      "description": "Mancata socializzazione nel periodo critico - poca esposizione a persone diverse da cucciolo",
      "probability": "very_common",
      "notes": "Il periodo critico è tra 3 e 14 settimane di vita"
    }
  },
  {
    "model": "knowledge.cause",
    "pk": 37,
    "fields": {
      "problem": 13,
      "description": "Esperienze traumatiche - il cane ha avuto interazioni negative con persone",
      "probability": "common",
      "notes": "Frequente in cani adottati con storia sconosciuta"
    }
  },
  {
    "model": "knowledge.solution",
    "pk": 32,
    "fields": {
      "problem": 13,
      "solution_type": "training",
      "title": "Desensibilizzazione graduale agli estranei",
      "description": "Chiedi agli estranei di ignorare completamente il cane. Lascia che sia lui ad avvicinarsi. Lancia premi sul pavimento vicino all'estraneo senza contatto diretto. Sessioni brevi e positive.",
      "difficulty": "hard",
      "time_needed": "4-12 settimane",
      "success_rate": "medium",
      "warnings": "Non forzare mai il contatto. La forza peggiora la paura e aumenta il rischio di morso"
    }
  },

  {
    "model": "knowledge.problem",
    "pk": 14,
    "fields": {
      "title": "Aggressività verso altri cani",
      "slug": "aggressivita-cani",
      "category": "behavior",
      "description": "Il cane attacca o aggredisce altri cani: ringhia, abbaia in modo minaccioso, si lancia. Può succedere al guinzaglio o quando libero. È un problema serio che richiede attenzione immediata.",
      "severity": "high",
      "common_breeds": "Pastore Tedesco, Malinois, Chow Chow, Akita, Rottweiler, Pit Bull, meticci di grossa taglia"
    }
  },
  {
    "model": "knowledge.cause",
    "pk": 38,
    "fields": {
      "problem": 14,
      "description": "Mancata socializzazione canina - il cane non è abituato a interagire con altri cani",
      "probability": "very_common",
      "notes": "Fondamentale socializzare i cuccioli con tanti cani diversi"
    }
  },
  {
    "model": "knowledge.cause",
    "pk": 39,
    "fields": {
      "problem": 14,
      "description": "Esperienza traumatica con un altro cane - un attacco passato crea paura e aggressività difensiva",
      "probability": "common",
      "notes": "Spesso è aggressività da paura, non dominanza"
    }
  },
  {
    "model": "knowledge.solution",
    "pk": 33,
    "fields": {
      "problem": 14,
      "solution_type": "professional",
      "title": "Consulto con educatore cinofilo esperto",
      "description": "L'aggressività inter-canina richiede una valutazione professionale. Un educatore qualificato può valutare il tipo di aggressività e creare un piano di lavoro sicuro e personalizzato.",
      "difficulty": "hard",
      "time_needed": "Variabile, 2-6 mesi",
      "success_rate": "medium",
      "warnings": "Non affrontare da soli casi di vera aggressività: il rischio di morsi è reale"
    }
  },
  {
    "model": "knowledge.solution",
    "pk": 34,
    "fields": {
      "problem": 14,
      "solution_type": "environment",
      "title": "Gestione rigorosa degli spazi",
      "description": "Mantieni sempre il cane al guinzaglio in presenza di altri cani. Evita i parchi liberi. Usa la museruola nelle situazioni a rischio. Gestisci prima di rieducare.",
      "difficulty": "easy",
      "time_needed": "Immediato",
      "success_rate": "high",
      "warnings": "La gestione è fondamentale per la sicurezza, non è una soluzione a lungo termine"
    }
  },

  {
    "model": "knowledge.problem",
    "pk": 15,
    "fields": {
      "title": "Coprofagia (mangia le feci)",
      "slug": "mangia-feci",
      "category": "health",
      "description": "Il cane mangia le proprie feci o quelle di altri animali. Un comportamento disgustoso ma comune. Può avere cause nutrizionali, comportamentali o semplicemente istintive.",
      "severity": "medium",
      "common_breeds": "Labrador, Beagle, Yorkshire Terrier, cuccioli in generale"
    }
  },
  {
    "model": "knowledge.cause",
    "pk": 40,
    "fields": {
      "problem": 15,
      "description": "Carenza nutrizionale - il cane cerca minerali o enzimi che non assume con la dieta",
      "probability": "common",
      "notes": "Valutare la qualità del cibo e aggiungere enzimi digestivi"
    }
  },
  {
    "model": "knowledge.cause",
    "pk": 41,
    "fields": {
      "problem": 15,
      "description": "Comportamento istintivo - le femmine mangiano le feci dei cuccioli per tenere pulita la tana",
      "probability": "common",
      "notes": "Istinto naturale che può persistere in alcuni cani adulti"
    }
  },
  {
    "model": "knowledge.solution",
    "pk": 35,
    "fields": {
      "problem": 15,
      "solution_type": "environment",
      "title": "Rimuovi le feci immediatamente",
      "description": "Porta a passeggio il cane con guinzaglio e raccogli subito le feci. In giardino, pulisci sempre entro pochi minuti. Rimuovi l'opportunità prima ancora che si crei.",
      "difficulty": "easy",
      "time_needed": "Immediato",
      "success_rate": "high",
      "warnings": "Serve costanza: basta una volta per reinforzare il comportamento"
    }
  },
  {
    "model": "knowledge.solution",
    "pk": 36,
    "fields": {
      "problem": 15,
      "solution_type": "health",
      "title": "Integratori e cambio alimentazione",
      "description": "Parla con il veterinario di integratori di enzimi digestivi e probiotici. Un cambio a cibo di qualità superiore può ridurre il comportamento significativamente.",
      "difficulty": "easy",
      "time_needed": "2-4 settimane",
      "success_rate": "medium",
      "warnings": "Consulta sempre il veterinario prima di cambiare dieta o aggiungere integratori"
    }
  },

  {
    "model": "knowledge.problem",
    "pk": 16,
    "fields": {
      "title": "Scava e distrugge il giardino",
      "slug": "scava-giardino",
      "category": "behavior",
      "description": "Il cane scava buche nel giardino, distrugge aiuole e sradica piante. Può essere istinto, noia o un modo per cercare frescura o odori interessanti.",
      "severity": "low",
      "common_breeds": "Terrier, Dachshund, Husky, Border Collie, Beagle, Labrador"
    }
  },
  {
    "model": "knowledge.cause",
    "pk": 42,
    "fields": {
      "problem": 16,
      "description": "Istinto naturale - molte razze sono state selezionate per scavare (terrier, tasso, lepre)",
      "probability": "very_common",
      "notes": "Non si può eliminare del tutto, va reindirizzato"
    }
  },
  {
    "model": "knowledge.cause",
    "pk": 43,
    "fields": {
      "problem": 16,
      "description": "Noia - il cane non ha abbastanza stimoli e scava per passare il tempo",
      "probability": "common",
      "notes": "Aumentare esercizio fisico e mentale riduce drasticamente il problema"
    }
  },
  {
    "model": "knowledge.solution",
    "pk": 37,
    "fields": {
      "problem": 16,
      "solution_type": "environment",
      "title": "Zona di scavo autorizzata",
      "description": "Crea una zona dedicata allo scavo (sabbiera, angolo del giardino) e rendi quello spazio super interessante nascondendo giochi e premi. Reindirizza il cane lì ogni volta che scava altrove.",
      "difficulty": "easy",
      "time_needed": "2-4 settimane",
      "success_rate": "high",
      "warnings": "Non punire lo scavo ma reindirizzalo: è un bisogno naturale"
    }
  },

  {
    "model": "knowledge.problem",
    "pk": 17,
    "fields": {
      "title": "Paura del veterinario",
      "slug": "paura-veterinario",
      "category": "behavior",
      "description": "Il cane si agita, trema, cerca di scappare o aggredisce durante le visite veterinarie. Questo rende le visite stressanti per tutti e può portare a rinunciare a cure necessarie.",
      "severity": "medium",
      "common_breeds": "Tutte le razze, particolarmente comune in cani con esperienze negative pregresse"
    }
  },
  {
    "model": "knowledge.cause",
    "pk": 44,
    "fields": {
      "problem": 17,
      "description": "Esperienze negative precedenti - visite dolorose o forzate hanno creato un'associazione negativa",
      "probability": "very_common",
      "notes": "Una sola esperienza traumatica è sufficiente per creare fobia"
    }
  },
  {
    "model": "knowledge.cause",
    "pk": 45,
    "fields": {
      "problem": 17,
      "description": "Stimoli sensoriali - odori, rumori e manipolazione corporea sono disturbanti per il cane",
      "probability": "common",
      "notes": "L'odore del disinfettante è spesso il primo trigger"
    }
  },
  {
    "model": "knowledge.solution",
    "pk": 38,
    "fields": {
      "problem": 17,
      "solution_type": "training",
      "title": "Visite di familiarizzazione allo studio",
      "description": "Porta il cane in clinica solo per ricevere premi e andarsene, senza nessuna visita. Fallo spesso. Il cane impara che la clinica è un posto piacevole.",
      "difficulty": "easy",
      "time_needed": "4-8 settimane",
      "success_rate": "high",
      "warnings": "Scegli un veterinario 'fear-free' che collabori con questo approccio"
    }
  },
  {
    "model": "knowledge.solution",
    "pk": 39,
    "fields": {
      "problem": 17,
      "solution_type": "behavior",
      "title": "Addestra la gestione corporea",
      "description": "Abitua il cane a essere toccato ovunque a casa tua: orecchie, denti, zampe, addome. Premia ogni manipolazione. Il veterinario non sarà più una sorpresa.",
      "difficulty": "easy",
      "time_needed": "2-4 settimane",
      "success_rate": "high",
      "warnings": "Inizia dalle zone dove il cane è meno sensibile, passa alle più delicate gradualmente"
    }
  },

  {
    "model": "knowledge.problem",
    "pk": 18,
    "fields": {
      "title": "Mal d'auto",
      "slug": "mal-auto",
      "category": "health",
      "description": "Il cane sbava, vomita, si agita o ansima eccessivamente in macchina. Può essere nausea da movimento o ansia associata ai viaggi.",
      "severity": "low",
      "common_breeds": "Tutte le razze, più comune nei cuccioli e in cani con poca esperienza di viaggio"
    }
  },
  {
    "model": "knowledge.cause",
    "pk": 46,
    "fields": {
      "problem": 18,
      "description": "Nausea da movimento - il sistema vestibolare del cane non è abituato al movimento del veicolo",
      "probability": "very_common",
      "notes": "Molto comune nei cuccioli, spesso migliora con l'età"
    }
  },
  {
    "model": "knowledge.cause",
    "pk": 47,
    "fields": {
      "problem": 18,
      "description": "Ansia condizionata - la macchina è associata a esperienze negative (veterinario, abbandono)",
      "probability": "common",
      "notes": "Il cane anticipa qualcosa di brutto salendo in auto"
    }
  },
  {
    "model": "knowledge.solution",
    "pk": 40,
    "fields": {
      "problem": 18,
      "solution_type": "training",
      "title": "Desensibilizzazione graduale all'auto",
      "description": "Inizia dal far entrare il cane in auto ferma con premi. Poi accendi il motore. Poi fai giri di 2 minuti verso mete piacevoli (parco, non veterinario). Aumenta gradualmente.",
      "difficulty": "medium",
      "time_needed": "3-6 settimane",
      "success_rate": "high",
      "warnings": "Non fare subito viaggi lunghi. La progressione lenta è fondamentale"
    }
  },
  {
    "model": "knowledge.solution",
    "pk": 41,
    "fields": {
      "problem": 18,
      "solution_type": "environment",
      "title": "Posizionamento e accessori",
      "description": "Metti il cane nel senso di marcia, possibilmente basso (non sul sedile posteriore che oscilla di più). Finestre aperte per arieggiare. Trasportino sicuro riduce l'ansia in molti cani.",
      "difficulty": "easy",
      "time_needed": "Immediato",
      "success_rate": "medium",
      "warnings": "Non dare cibo 2-3 ore prima del viaggio per ridurre la nausea"
    }
  },

  {
    "model": "knowledge.problem",
    "pk": 19,
    "fields": {
      "title": "Si lecca ossessivamente le zampe",
      "slug": "lecca-zampe-ossessivo",
      "category": "health",
      "description": "Il cane si lecca continuamente le zampe, spesso fino a causare rossore, perdita di pelo o piaghe. Può essere allergia, dolore, noia o comportamento compulsivo.",
      "severity": "medium",
      "common_breeds": "Golden Retriever, Labrador, Bulldog Francese, West Highland Terrier, Pastore Tedesco"
    }
  },
  {
    "model": "knowledge.cause",
    "pk": 48,
    "fields": {
      "problem": 19,
      "description": "Allergie alimentari o ambientali - la pelle prude e il cane si lecca per alleviare il fastidio",
      "probability": "very_common",
      "notes": "Le allergie al polline, graminacee e cibo sono le cause più frequenti"
    }
  },
  {
    "model": "knowledge.cause",
    "pk": 49,
    "fields": {
      "problem": 19,
      "description": "Comportamento compulsivo da stress o noia - leccarsi diventa un rituale ripetitivo",
      "probability": "common",
      "notes": "Simile ai comportamenti compulsivi umani (OCD)"
    }
  },
  {
    "model": "knowledge.solution",
    "pk": 42,
    "fields": {
      "problem": 19,
      "solution_type": "health",
      "title": "Visita veterinaria e test allergologici",
      "description": "Prima di tutto escludere cause fisiche: allergie alimentari (dieta ad eliminazione), dermatiti, funghi, dolore articolare. Solo dopo affrontare il lato comportamentale.",
      "difficulty": "medium",
      "time_needed": "4-8 settimane per i test",
      "success_rate": "high",
      "warnings": "Non mettere il collare elisabettiano senza capire la causa: risolve il sintomo non il problema"
    }
  },

  {
    "model": "knowledge.problem",
    "pk": 20,
    "fields": {
      "title": "Scarsa attenzione e difficoltà di concentrazione",
      "slug": "scarsa-attenzione",
      "category": "training",
      "description": "Il cane si distrae facilmente durante il training o le passeggiate, ignora i comandi anche se li conosce, non riesce a mantenere il contatto visivo. Spesso scambiato per disobbedienza.",
      "severity": "low",
      "common_breeds": "Beagle, Husky, Bassotto, Border Collie molto giovane, razze nordiche"
    }
  },
  {
    "model": "knowledge.cause",
    "pk": 50,
    "fields": {
      "problem": 20,
      "description": "Ambiente troppo ricco di stimoli - il cane è sopraffatto da distrazioni e non riesce a concentrarsi",
      "probability": "very_common",
      "notes": "Iniziare sempre il training in ambienti silenziosi e privi di distrazioni"
    }
  },
  {
    "model": "knowledge.cause",
    "pk": 51,
    "fields": {
      "problem": 20,
      "description": "Sessioni di training troppo lunghe - il cane si stanca mentalmente e perde l'interesse",
      "probability": "common",
      "notes": "Le sessioni ideali durano 3-5 minuti più volte al giorno, non 30 minuti di fila"
    }
  },
  {
    "model": "knowledge.solution",
    "pk": 43,
    "fields": {
      "problem": 20,
      "solution_type": "training",
      "title": "Allena il contatto visivo",
      "description": "Esercizio base: tieni un premio chiuso in mano, aspetta che il cane smetta di annusarla e ti guardi negli occhi, premia immediatamente. Ripeti fino a che non ti guarda spontaneamente.",
      "difficulty": "easy",
      "time_needed": "1-2 settimane",
      "success_rate": "high",
      "warnings": "Sessioni brevi (2-3 minuti), termina sempre con successo"
    }
  },
  {
    "model": "knowledge.solution",
    "pk": 44,
    "fields": {
      "problem": 20,
      "solution_type": "training",
      "title": "Riduci le distrazioni gradualmente",
      "description": "Inizia ogni nuovo esercizio a casa, in silenzio. Poi in giardino. Poi in un parco vuoto. Poi in un parco frequentato. Aumenta la difficoltà dell'ambiente solo quando il comportamento è solido.",
      "difficulty": "medium",
      "time_needed": "4-8 settimane",
      "success_rate": "high",
      "warnings": "Non bruciare le tappe: se il cane fallisce, torna all'ambiente precedente"
    }
  }
]
